source,pipeline,pipeline_latency_ms,pipeline_energy_J,pipeline_energy_with_idle_J,pipeline_p2p_energy_J,pipeline_energy_with_idle_and_p2p_J,pipeline_latency_with_xfer_ms,pipeline_bottleneck_ms,pipeline_bottleneck_with_xfer_ms,pipeline_max_xfer_ms,pipeline_sum_xfer_ms,pipeline_transfer_bound
llama3.1_70b_decode_compiled_bf16,llama3.1_70b_decode_b16_kv1024,0.812340587956168,0.3783423124421002,0.4515034008848863,0.0093876009321309,0.4608910018170172,0.9701128454474816,0.3091225137515944,0.3091225137515944,0.0532272081218274,0.1577722574913135,False
llama3.1_70b_decode_compiled_bf16,llama3.1_70b_decode_b16_kv2048,0.8152887939222044,0.3818442340761569,0.4548751304674425,0.0112666491241308,0.4661417795915734,1.0196982242440715,0.3091286172672194,0.3091286172672194,0.0998643809523809,0.2044094303218671,False
llama3.1_70b_decode_compiled_bf16,llama3.1_70b_decode_b16_kv4096,0.8218920573218009,0.3885367307008855,0.4612671618650519,0.0150582999401309,0.4763254618051828,1.111208208012873,0.3091196239237883,0.3091196239237883,0.1847711013215859,0.289316150691072,False
llama3.1_70b_decode_compiled_bf16,llama3.1_70b_decode_b16_kv512,0.8081275712565964,0.3705562656676295,0.4439034422986091,0.0085990717801308,0.45250251407874,0.9501217634832254,0.3091120007573342,0.3091120007573342,0.0374491428571428,0.1419941922266289,False
llama3.1_70b_decode_compiled_bf16,llama3.1_70b_decode_b1_kv1024,0.8114584259216273,0.3940074649385915,0.4675793212490209,0.00212877312,0.4697080943690209,0.8807155687787702,0.3091423688616071,0.3091423688616071,0.0156038095238095,0.0692571428571428,False
llama3.1_70b_decode_compiled_bf16,llama3.1_70b_decode_b1_kv2048,0.8133969847227197,0.4004663944749172,0.4739623325457237,0.002242019328,0.4762043518737237,0.8847627504884855,0.309181132413903,0.309181132413903,0.0177124324324324,0.0713657657657657,False
llama3.1_70b_decode_compiled_bf16,llama3.1_70b_decode_b1_kv4096,0.8152110150499974,0.4023252694116026,0.475754508037013,0.0024559288319999,0.478210436869013,0.8907096817166641,0.3092195970184949,0.3092195970184949,0.0218453333333333,0.0754986666666666,False
llama3.1_70b_decode_compiled_bf16,llama3.1_70b_decode_b1_kv512,0.8089691455305891,0.385454371875339,0.4591193340111006,0.002097840128,0.4612171741391007,0.8782262883877319,0.3090682049186862,0.3090682049186862,0.0156038095238095,0.0692571428571428,False
llama3.1_70b_decode_compiled_bf16,llama3.1_70b_decode_b4_kv1024,0.8053963862289237,0.3804342233645776,0.4536743245180143,0.0053356699573065,0.4590099944753208,0.9065637750189456,0.3085052365672832,0.3085052365672832,0.0218453333333333,0.101167388790022,False
llama3.1_70b_decode_compiled_bf16,llama3.1_70b_decode_b4_kv2048,0.805072714805438,0.3719129822933075,0.4451348968159608,0.0059102896053065,0.4510451864212674,0.9218439131192696,0.3083365055006377,0.3083365055006377,0.0374491428571428,0.1167711983138315,False
llama3.1_70b_decode_compiled_bf16,llama3.1_70b_decode_b4_kv4096,0.8087982338846756,0.3754230978714837,0.448489053896101,0.0066988187573065,0.4551878726534075,0.9413474974631916,0.3083593251753826,0.3083593251753826,0.0532272081218274,0.1325492635785161,False
llama3.1_70b_decode_compiled_bf16,llama3.1_70b_decode_b4_kv512,0.8035859110457291,0.3965853029434088,0.4699196437050416,0.0051217604533065,0.4750414041583481,0.9006203989348502,0.3085367755500637,0.3085367755500637,0.0177124324324324,0.0970344878891211,False
llama3.1_70b_decode_compiled_bf16,llama3.1_70b_decode_b8_kv1024,0.8060346956749208,0.3742186913523813,0.447242472711956,0.0066203543884167,0.4538628271003728,0.9265378614101688,0.3079804587850765,0.3079804587850765,0.0374491428571428,0.1205031657352481,False
llama3.1_70b_decode_compiled_bf16,llama3.1_70b_decode_b8_kv2048,0.8079948718298564,0.372256142063319,0.4451954594922306,0.0074088835404167,0.4526043430326474,0.944276102829789,0.307988430723852,0.307988430723852,0.0532272081218274,0.1362812309999326,False
llama3.1_70b_decode_compiled_bf16,llama3.1_70b_decode_b8_kv4096,0.811719229233899,0.3800855824853062,0.4528588626946284,0.0092879317324167,0.4621467944270451,0.9946376330643852,0.3079927156409439,0.3079927156409439,0.0998643809523809,0.1829184038304862,False
llama3.1_70b_decode_compiled_bf16,llama3.1_70b_decode_b8_kv512,0.8027077490211232,0.3719840380716702,0.4451546360287299,0.0060457347404167,0.4512003707691467,0.9076071052325618,0.3079740064971301,0.3079740064971301,0.0218453333333333,0.1048993562114386,False
llama3.1_70b_prefill_compiled_bf16,llama3.1_70b_prefill_b16_s1024,58.74608165147569,48.3262635,52.97828941156006,9.355349857317622,62.33363926887768,146.2599581036307,20.455347900390624,45.11520268907563,45.11520268907563,87.513876452155,True
llama3.1_70b_prefill_compiled_bf16,llama3.1_70b_prefill_b16_s2048,122.95160598342484,98.71428402129402,107.79980021195644,25.57288590116152,133.37268611311796,387.3433350020344,40.960625,179.70574460251046,179.70574460251046,264.3917290186095,True
llama3.1_70b_prefill_compiled_bf16,llama3.1_70b_prefill_b16_s4096,352.3120751953125,265.230336,283.25022387963867,78.19547583253103,361.4456997121697,1237.3219679460128,94.92390625,715.8278826666667,715.8278826666667,885.0098927507004,True
llama3.1_70b_prefill_compiled_bf16,llama3.1_70b_prefill_b16_s512,27.93949933754629,23.465162449095025,25.861673861116977,3.6297029084348105,29.49137676955179,60.32059543641789,10.24591552734375,11.302545515789474,11.302545515789474,32.381096098871595,True
llama3.1_70b_prefill_compiled_bf16,llama3.1_70b_prefill_b1_s1024,3.772466039916564,3.007199195493454,3.3123999395533,0.4382776208895688,3.750677560442869,9.222808531605423,1.3301021321614583,2.796202666666667,2.796202666666667,5.45034249168886,True
llama3.1_70b_prefill_compiled_bf16,llama3.1_70b_prefill_b1_s2048,8.206983646402383,6.438771713080778,7.021787199922284,1.385438044615568,8.407225244537852,24.787804132655992,2.6587359619140627,11.302545515789474,11.302545515789474,16.580820486253607,True
llama3.1_70b_prefill_compiled_bf16,llama3.1_70b_prefill_b1_s4096,18.81356574781013,13.98893357109557,14.960490454715186,4.737263071236111,19.6977535259513,74.4644153168052,5.092734781901042,45.11520268907563,45.11520268907563,55.65084956899508,True
llama3.1_70b_prefill_compiled_bf16,llama3.1_70b_prefill_b1_s512,1.9676729518999287,1.59760746422927,1.783517257729142,0.1424588957392973,1.92597615346844,4.035077365411086,0.757652587890625,0.757652587890625,0.7078994092827005,2.067404413511156,False
llama3.1_70b_prefill_compiled_bf16,llama3.1_70b_prefill_b4_s1024,14.482964652639335,11.70279746048246,12.874240937592994,2.196789915652111,15.071030853245103,36.321157048348255,5.106104736328125,11.302545515789474,11.302545515789474,21.838192395708923,True
llama3.1_70b_prefill_compiled_bf16,llama3.1_70b_prefill_b4_s2048,32.31409680175781,25.41508487179487,27.61650850803473,6.170176064018811,33.786684572053545,98.50785007391556,10.2496484375,45.11520268907563,45.11520268907563,66.19375327215775,True
llama3.1_70b_prefill_compiled_bf16,llama3.1_70b_prefill_b4_s4096,70.33301707224803,53.90165090990991,58.03759643377301,19.543012283429626,77.58060871720262,292.43743543783785,20.47122802734375,179.70574460251046,179.70574460251046,222.10441836558985,True
llama3.1_70b_prefill_compiled_bf16,llama3.1_70b_prefill_b4_s512,7.114856607636678,5.816215812293398,6.449379099572644,0.7240130810315678,7.173392180604211,15.18933424476748,2.661623738606771,2.796202666666667,2.796202666666667,8.074477637130801,True
llama3.1_70b_prefill_compiled_bf16,llama3.1_70b_prefill_b8_s1024,29.43184763671616,24.03635102196049,26.36782599645355,4.469369014802811,30.83719501125636,73.06799956433609,10.251226806640624,22.55760134453781,22.55760134453781,43.636151927619935,True
llama3.1_70b_prefill_compiled_bf16,llama3.1_70b_prefill_b8_s2048,64.63904736328124,51.66808316666667,56.06678249497477,12.77414382493362,68.84092631990839,197.26812650451188,20.4908203125,90.23040537815126,90.23040537815126,132.62907914123065,True
llama3.1_70b_prefill_compiled_bf16,llama3.1_70b_prefill_b8_s4096,140.73681365966797,106.80526926948052,115.10622928964986,39.07626307978552,154.18249236943538,583.3367394091003,41.014716796875,357.91394133333336,357.91394133333336,442.5999257494324,True
llama3.1_70b_prefill_compiled_bf16,llama3.1_70b_prefill_b8_s512,13.74444658623349,11.596754550708846,12.8017474269752,1.775883120644111,14.57763054761931,29.943288740414545,5.107148030598959,5.663195274261604,5.663195274261604,16.198842154181055,True
llama3.1_8b_decode_compiled_bf16,llama3.1_8b_decode_b16_kv1024,0.2216298696016077,0.1047835583245953,0.1226605752575795,0.0068502546764167,0.1295108299339963,0.3421330353368558,0.0797224805720899,0.0797224805720899,0.0374491428571428,0.1205031657352481,False
llama3.1_8b_decode_compiled_bf16,llama3.1_8b_decode_b16_kv2048,0.2222841324464563,0.1061640585966557,0.1240015354674799,0.0076387838284167,0.1316403192958967,0.358565363446389,0.0796997134899966,0.0796997134899966,0.0532272081218274,0.1362812309999326,False
llama3.1_8b_decode_compiled_bf16,llama3.1_8b_decode_b16_kv4096,0.2252093397145813,0.1045726326369264,0.1222467891772603,0.0095178320204167,0.1317646211976771,0.4081277435450675,0.0795904637896825,0.0998643809523809,0.0998643809523809,0.1829184038304862,True
llama3.1_8b_decode_compiled_bf16,llama3.1_8b_decode_b16_kv512,0.217060885122165,0.1054819360760681,0.1235519159579732,0.0062756350284167,0.12982755098639,0.3219602413336036,0.0796883654720568,0.0796883654720568,0.0218453333333333,0.1048993562114386,False
llama3.1_8b_decode_compiled_bf16,llama3.1_8b_decode_b1_kv1024,0.2189360785415265,0.1020866786790002,0.1200467241954837,0.00129318912,0.1213399133154837,0.2845398880653361,0.0794428297577711,0.0794428297577711,0.0156038095238095,0.0656038095238095,False
llama3.1_8b_decode_compiled_bf16,llama3.1_8b_decode_b1_kv2048,0.2202801183835263,0.1045088335746457,0.1223989910588868,0.001324122112,0.1237231131708868,0.2858839279073358,0.0794423647280092,0.0794423647280092,0.0156038095238095,0.0656038095238095,False
llama3.1_8b_decode_compiled_bf16,llama3.1_8b_decode_b1_kv4096,0.2215538296352341,0.1061568366692426,0.1240240532268606,0.0014373683199999,0.1254614215468606,0.2892662620676665,0.0795275039269179,0.0795275039269179,0.0177124324324324,0.0677124324324324,False
llama3.1_8b_decode_compiled_bf16,llama3.1_8b_decode_b1_kv512,0.2182019186034273,0.1005230112269245,0.1184229206757404,0.001063288832,0.1194862095077404,0.2782019186034273,0.0791863949424342,0.0791863949424342,0.01,0.06,False
llama3.1_8b_decode_compiled_bf16,llama3.1_8b_decode_b4_kv1024,0.2185367227239922,0.1050944445294825,0.1232908214680948,0.0033315993310066,0.1266224207991015,0.2913577906177866,0.0799520484437333,0.0799520484437333,0.0177124324324324,0.0728210678937944,False
llama3.1_8b_decode_compiled_bf16,llama3.1_8b_decode_b4_kv2048,0.2195556114574692,0.1050793802368244,0.1232607709040221,0.0035455088350066,0.1268062797390287,0.2965095802521645,0.0800222843251329,0.0800222843251329,0.0218453333333333,0.0769539687946953,False
llama3.1_8b_decode_compiled_bf16,llama3.1_8b_decode_b4_kv4096,0.221276427254786,0.1079255449813553,0.1259734682593025,0.0041201284830066,0.1300935967423092,0.3138342055732909,0.0798834488239694,0.0798834488239694,0.0374491428571428,0.0925577783185048,False
llama3.1_8b_decode_compiled_bf16,llama3.1_8b_decode_b4_kv512,0.2174821741864062,0.1050094937372281,0.1233212218563262,0.0032183531230066,0.1265395749793328,0.2881946191715777,0.0801319398271276,0.0801319398271276,0.0156038095238095,0.0707124449851715,False
llama3.1_8b_decode_compiled_bf16,llama3.1_8b_decode_b8_kv1024,0.2179931606940605,0.1067281848575431,0.1249772537695421,0.0054506201013065,0.1304278738708486,0.3191605494840825,0.0802191912809157,0.0802191912809157,0.0218453333333333,0.101167388790022,False
llama3.1_8b_decode_compiled_bf16,llama3.1_8b_decode_b8_kv2048,0.2166965852756511,0.1075024206963136,0.1258025311987099,0.0060252397493065,0.1318277709480164,0.3334677835894826,0.0801950122200869,0.0801950122200869,0.0374491428571428,0.1167711983138315,False
llama3.1_8b_decode_compiled_bf16,llama3.1_8b_decode_b8_kv4096,0.2199050220461741,0.1057461396448835,0.1239063984538583,0.0068137689013065,0.1307201673551649,0.3524542856246902,0.0802060116038602,0.0802060116038602,0.0532272081218274,0.1325492635785161,False
llama3.1_8b_decode_compiled_bf16,llama3.1_8b_decode_b8_kv512,0.2138689840640979,0.1037097809839363,0.1221969093636132,0.0052367105973065,0.1274336199609198,0.3109034719532191,0.0803478612236798,0.0803478612236798,0.0177124324324324,0.0970344878891211,False
llama3.1_8b_prefill_compiled_bf16,llama3.1_8b_prefill_b16_s1024,15.80166327290431,12.509419629672852,13.593014142632072,4.500775963154811,18.093790105786884,59.43781520052424,5.052655436197917,22.55760134453781,22.55760134453781,43.636151927619935,True
llama3.1_8b_prefill_compiled_bf16,llama3.1_8b_prefill_b16_s2048,37.25703788248698,28.248992166666667,30.1450299321696,12.888497329189622,43.03352726135922,169.88611702371765,10.057384643554688,90.23040537815126,90.23040537815126,132.62907914123065,True
llama3.1_8b_prefill_compiled_bf16,llama3.1_8b_prefill_b16_s4096,85.83993664696104,60.005122316017314,64.78222028750993,39.26524164080952,104.04746192831944,528.4398623963934,23.77099581037249,357.91394133333336,357.91394133333336,442.5999257494324,True
llama3.1_8b_prefill_compiled_bf16,llama3.1_8b_prefill_b16_s512,7.267437791026016,5.90311332391115,6.471780848081302,1.7905128529961107,8.262293701077413,23.46627994520707,2.5287506103515627,5.663195274261604,5.663195274261604,16.198842154181055,True
llama3.1_8b_prefill_compiled_bf16,llama3.1_8b_prefill_b1_s1024,1.1305638408363494,0.9019270988116036,0.997876634647058,0.2012127061712973,1.1990893408183552,3.8881701783981386,0.4078076831714527,1.3981013333333334,1.3981013333333334,2.757606337561789,True
llama3.1_8b_prefill_compiled_bf16,llama3.1_8b_prefill_b1_s2048,2.414847880139492,1.8775293472758223,1.999542915818096,0.6825538858495688,2.6820968016676643,10.732182979423287,0.6509587097167969,5.663195274261604,5.663195274261604,8.317335099283797,True
llama3.1_8b_prefill_compiled_bf16,llama3.1_8b_prefill_b1_s4096,6.2138878952303,4.367860766178105,4.925194106118338,2.232687452615568,7.157881558733906,34.049764210232254,2.2268696455522017,22.55760134453781,22.55760134453781,27.83587631500195,True
llama3.1_8b_prefill_compiled_bf16,llama3.1_8b_prefill_b1_s512,0.5589397777735474,0.4589984404084614,0.5050987220611184,0.0730947754287026,0.5781934974898211,1.6297630317243743,0.2018983561197916,0.3569620425531914,0.3569620425531914,1.0708232539508271,True
llama3.1_8b_prefill_compiled_bf16,llama3.1_8b_prefill_b4_s1024,4.034239659369049,3.2470376200521045,3.5354038210228573,0.972114551239568,4.5075183722624255,14.975709904094789,1.320875752766927,5.663195274261604,5.663195274261604,10.94147024472574,True
llama3.1_8b_prefill_compiled_bf16,llama3.1_8b_prefill_b4_s2048,9.462082573043048,7.062844729984051,7.532117539361037,3.0510857543721106,10.583203293733147,42.55533079750031,2.525133666992188,22.55760134453781,22.55760134453781,33.09324822445726,True
llama3.1_8b_prefill_compiled_bf16,llama3.1_8b_prefill_b4_s4096,24.459017718690816,16.931675288617885,19.17649235806832,9.620376979986812,28.796869338055128,135.76797367992418,8.880397298177083,90.23040537815126,90.23040537815126,111.30895596123338,True
llama3.1_8b_prefill_compiled_bf16,llama3.1_8b_prefill_b4_s512,1.814956245555424,1.5089813215432566,1.6578639434185003,0.3475464367615687,2.005410380180069,5.86719740391095,0.6508323669433593,1.3981013333333334,1.3981013333333334,4.052241158355527,True
llama3.1_8b_prefill_compiled_bf16,llama3.1_8b_prefill_b8_s1024,8.024695113945906,6.301502245903046,6.840528488916523,2.2114196480041106,9.051948136920634,29.86288750965483,2.539884236653646,11.302545515789474,11.302545515789474,21.838192395708923,True
llama3.1_8b_prefill_compiled_bf16,llama3.1_8b_prefill_b8_s2048,18.714814784194484,14.059204166297118,15.011955526736918,6.201583012370811,21.21353853910773,84.90856805635224,5.054078369140625,45.11520268907563,45.11520268907563,66.19375327215775,True
llama3.1_8b_prefill_compiled_bf16,llama3.1_8b_prefill_b8_s4096,42.982950719884926,30.363354707207208,32.74214521191021,19.657365787685624,52.39951099959583,265.0873690854748,11.88404874234586,179.70574460251046,179.70574460251046,222.10441836558985,True
llama3.1_8b_prefill_compiled_bf16,llama3.1_8b_prefill_b8_s512,3.6732888915596087,3.037523500614773,3.344160618487636,0.7315963826635679,4.075757001151204,11.74776652869041,1.3262286376953123,2.796202666666667,2.796202666666667,8.074477637130801,True
mobilenet_v3_small_compiled_bf16,mobilenet_v3_small_b1,0.0253241438941489,0.0032195614841728,0.0040518651476644,0.0015439908492456,0.0055958559969101,0.0808952166679395,0.0087639561721256,0.0205091680559081,0.0205091680559081,0.0555710727737905,True
mobilenet_v3_small_compiled_bf16,mobilenet_v3_small_b16,0.0422652099829041,0.0136608823303919,0.0148293805960492,0.0097291157672964,0.0245584963633457,0.2871954671549093,0.0136463676217247,0.1617574789220916,0.1617574789220916,0.2449302571720051,True
mobilenet_v3_small_compiled_bf16,mobilenet_v3_small_b4,0.0292718647111444,0.0058050504746298,0.0066897469919622,0.0032913448108236,0.0099810918027858,0.1242276008626413,0.0097863574637059,0.0488927854329749,0.0488927854329749,0.0949557361514969,True
mobilenet_v3_small_compiled_bf16,mobilenet_v3_small_b8,0.0342435722792039,0.0090342338075187,0.0097959560268154,0.0054537129414792,0.0152496689682947,0.1827973345598183,0.0102341465416041,0.0871782719332675,0.0871782719332675,0.1485537622806144,True
qwen3_235b_a22b_decode_compiled_bf16,qwen3_235b_a22b_decode_b16_kv1024,0.4994478318486194,1.000791959477214,1.061308121416464,0.0077379159586754,1.0690460373751394,0.676240499947545,0.2072133169758412,0.2072133169758412,0.0532272081218274,0.1767926680989256,False
qwen3_235b_a22b_decode_compiled_bf16,qwen3_235b_a22b_decode_b16_kv2048,0.496757646487584,1.0082511139593755,1.0675782170462482,0.0096169641506754,1.0771951811969236,0.7201874874170632,0.2039775714209855,0.2039775714209855,0.0998643809523809,0.2234298409294791,False
qwen3_235b_a22b_decode_compiled_bf16,qwen3_235b_a22b_decode_b16_kv4096,0.5042397089009999,0.9850866843299698,1.0440802157037274,0.0134086149666754,1.057488830670403,0.8125762701996839,0.2039839933358113,0.2039839933358113,0.1847711013215859,0.3083365612986841,False
qwen3_235b_a22b_decode_compiled_bf16,qwen3_235b_a22b_decode_b16_kv512,0.496049769561781,1.0992842285653512,1.1605435473073342,0.0069493868066754,1.1674929341140097,0.657064372396022,0.2086702388743455,0.2086702388743455,0.0374491428571428,0.161014602834241,False
qwen3_235b_a22b_decode_compiled_bf16,qwen3_235b_a22b_decode_b1_kv1024,0.1326175858224461,0.1108106686716413,0.1237797491343525,0.0015989247999999,0.1253786739343526,0.2138252048700651,0.0485131796559979,0.0485131796559979,0.0156038095238095,0.081207619047619,False
qwen3_235b_a22b_decode_compiled_bf16,qwen3_235b_a22b_decode_b1_kv2048,0.1336982882042252,0.1123424483751024,0.1252685707356989,0.0017121710079999,0.1269807417436989,0.2170145301604671,0.0485287603977042,0.0485287603977042,0.0177124324324324,0.0833162419562419,False
qwen3_235b_a22b_decode_compiled_bf16,qwen3_235b_a22b_decode_b1_kv4096,0.13555804605054,0.1141625942174285,0.1270718953735158,0.0019260805119999,0.1289979758855158,0.2230071889076829,0.0486949972504551,0.0486949972504551,0.0218453333333333,0.0874491428571428,False
qwen3_235b_a22b_decode_compiled_bf16,qwen3_235b_a22b_decode_b1_kv512,0.1315940944245118,0.1023271340489439,0.1153348487272447,0.001567991808,0.1169028405352447,0.2128017134721309,0.048421650548135,0.048421650548135,0.0156038095238095,0.081207619047619,False
qwen3_235b_a22b_decode_compiled_bf16,qwen3_235b_a22b_decode_b4_kv1024,0.2065418077529857,0.3098624735555093,0.3210693180752811,0.0038272780891888,0.3248965961644699,0.3120745541128202,0.0523991155499454,0.0523991155499454,0.0218453333333333,0.1055327463598344,False
qwen3_235b_a22b_decode_compiled_bf16,qwen3_235b_a22b_decode_b4_kv2048,0.2068243014438581,0.3118312546202464,0.323028226530174,0.0044018977371888,0.3274301242673628,0.3279608573275021,0.0524055762145196,0.0524055762145196,0.0374491428571428,0.1211365558836439,False
qwen3_235b_a22b_decode_compiled_bf16,qwen3_235b_a22b_decode_b4_kv4096,0.2094857201951196,0.3138440228689377,0.3249262024475517,0.0051904268891888,0.3301166293367406,0.3464003413434482,0.0524183994609716,0.0532272081218274,0.0532272081218274,0.1369146211483285,True
qwen3_235b_a22b_decode_compiled_bf16,qwen3_235b_a22b_decode_b4_kv512,0.2045644440505028,0.3085800898581083,0.3198845949681791,0.0036133685851888,0.323497963553368,0.3059642895094363,0.052420318470251,0.052420318470251,0.0177124324324324,0.1013998454589335,False
qwen3_235b_a22b_decode_compiled_bf16,qwen3_235b_a22b_decode_b8_kv1024,0.304041734746356,0.599152068747343,0.6270636698358252,0.0057308749494278,0.632794544785253,0.4419414923074048,0.1048305131004366,0.1048305131004366,0.0374491428571428,0.1378997575610488,False
qwen3_235b_a22b_decode_compiled_bf16,qwen3_235b_a22b_decode_b8_kv2048,0.305599323173611,0.5860720736401505,0.6139032216373168,0.0065194041014278,0.6204226257387446,0.4592771459993444,0.1048046193280977,0.1048046193280977,0.0532272081218274,0.1536778228257333,False
qwen3_235b_a22b_decode_compiled_bf16,qwen3_235b_a22b_decode_b8_kv4096,0.3076604597571303,0.5582255905237424,0.5858253814546237,0.0083984522934278,0.5942238337480515,0.5079754554134173,0.104461706138198,0.104461706138198,0.0998643809523809,0.2003149956562869,False
qwen3_235b_a22b_decode_compiled_bf16,qwen3_235b_a22b_decode_b8_kv512,0.3010508638920327,0.5780021048155711,0.6060399754241871,0.0051562553014278,0.6111962307256149,0.423346811929272,0.1048100180813318,0.1048100180813318,0.0218453333333333,0.1222959480372392,False
qwen3_235b_a22b_prefill_compiled_bf16,qwen3_235b_a22b_prefill_b16_s1024,13.900243185403278,15.388220314336348,16.62028895353927,7.312346969642256,23.932635923181525,106.97616552605731,4.634943508572048,45.11520268907563,45.11520268907563,93.07592234065405,True
qwen3_235b_a22b_prefill_compiled_bf16,qwen3_235b_a22b_prefill_b16_s2048,32.60772287512098,30.48623439552872,33.785733491107166,21.67031935291651,55.45605284402368,308.2931170736677,11.855024062148086,179.70574460251046,179.70574460251046,275.6853941985467,True
qwen3_235b_a22b_prefill_compiled_bf16,qwen3_235b_a22b_prefill_b16_s4096,142.63332253629545,101.95300971373024,129.8139536566282,70.42151273642996,200.23546639305812,1050.2483063185748,84.85620361328125,715.8278826666667,715.8278826666667,907.6149837822792,True
qwen3_235b_a22b_prefill_compiled_bf16,qwen3_235b_a22b_prefill_b16_s512,5.399213937524696,6.537430779172481,6.880303032288063,2.722308360587085,9.602611392875149,40.61811175469947,1.473209783380682,11.302545515789474,11.302545515789474,35.21889781717478,True
qwen3_235b_a22b_prefill_compiled_bf16,qwen3_235b_a22b_prefill_b1_s1024,1.4956444940999414,1.830474836345941,1.946205088254589,0.3586975340694359,2.304902622324025,7.306205398602376,0.4563604295389734,2.796202666666667,2.796202666666667,5.810560904502435,True
qwen3_235b_a22b_prefill_compiled_bf16,qwen3_235b_a22b_prefill_b1_s2048,2.796025435401374,2.8898772290856245,3.222157530850175,1.211930146938363,4.434087677788538,20.07854087066422,1.139387568041197,11.302545515789474,11.302545515789474,17.282515435262848,True
qwen3_235b_a22b_prefill_compiled_bf16,qwen3_235b_a22b_prefill_b1_s4096,8.049135367182139,6.391917822967517,7.8265183066031,4.251471846785232,12.077990153388331,65.13668681575143,4.450517333984375,45.11520268907563,45.11520268907563,57.0875514485693,True
qwen3_235b_a22b_prefill_compiled_bf16,qwen3_235b_a22b_prefill_b1_s512,0.7187703409241465,1.2985616886297036,1.350579518781719,0.107352554890564,1.457932073672283,2.9753984867185155,0.211319717622139,0.7078994092827005,0.7078994092827005,2.256628145794369,True
qwen3_235b_a22b_prefill_compiled_bf16,qwen3_235b_a22b_prefill_b4_s1024,3.696910756391652,4.202193578221529,4.500098850047038,1.7109986912012316,6.211097541248269,26.9718050316748,1.160327405172681,11.302545515789474,11.302545515789474,23.274894275283145,True
qwen3_235b_a22b_prefill_compiled_bf16,qwen3_235b_a22b_prefill_b4_s2048,9.790604784148517,8.846743562122278,10.21975378460415,5.262781516171085,15.482535300775234,78.82215977460945,4.50469991048177,45.11520268907563,45.11520268907563,69.03155499046093,True
qwen3_235b_a22b_prefill_compiled_bf16,qwen3_235b_a22b_prefill_b4_s4096,25.437272751808614,21.40626243167541,25.05107836361801,17.500009395754255,42.551087759372265,253.1037370058975,11.874182392842062,179.70574460251046,179.70574460251046,227.66646425408888,True
qwen3_235b_a22b_prefill_compiled_bf16,qwen3_235b_a22b_prefill_b4_s512,1.692081591910434,2.3281447002131643,2.4020331037732645,0.5505051833543628,2.952538287127627,10.468254178050476,0.3787409057617187,2.796202666666667,2.796202666666667,8.776172586140042,True
qwen3_235b_a22b_prefill_compiled_bf16,qwen3_235b_a22b_prefill_b8_s1024,6.8902800748454816,7.280149035235834,7.898478047898949,3.561974466955085,11.460452514854031,53.3642337207686,2.319033986101247,22.55760134453781,22.55760134453781,46.47395364592312,True
qwen3_235b_a22b_prefill_compiled_bf16,qwen3_235b_a22b_prefill_b8_s2048,19.700462621430265,18.605118212178688,21.33984590626441,10.731140937258257,32.07098684352267,157.89158765115994,8.989675699869792,90.23040537815126,90.23040537815126,138.19112502972968,True
qwen3_235b_a22b_prefill_compiled_bf16,qwen3_235b_a22b_prefill_b8_s4096,50.227499392522816,38.200344657533584,45.53286748211127,35.17369653154051,80.70656401365179,504.1210903218925,23.77065994262696,357.91394133333336,357.91394133333336,453.8935909293696,True
qwen3_235b_a22b_prefill_compiled_bf16,qwen3_235b_a22b_prefill_b8_s512,2.9599783766333423,3.843105156124428,4.008959095576137,1.2900918961932315,5.299050991769369,20.59552241038861,0.7524061889648438,5.663195274261604,5.663195274261604,17.635544033755274,True
qwen3_30b_a3b_decode_compiled_bf16,qwen3_30b_a3b_decode_b16_kv1024,0.2283629152088694,0.3481091572580037,0.3745649772941969,0.0058601938614278,0.3804251711556248,0.3662626727699183,0.0928039786846553,0.0928039786846553,0.0374491428571428,0.1378997575610488,False
qwen3_30b_a3b_decode_compiled_bf16,qwen3_30b_a3b_decode_b16_kv2048,0.2280833029631135,0.3420626748590495,0.3685150834746338,0.0066487230134278,0.3751638064880616,0.3817611257888469,0.0927645635365815,0.0927645635365815,0.0532272081218274,0.1536778228257333,False
qwen3_30b_a3b_decode_compiled_bf16,qwen3_30b_a3b_decode_b16_kv4096,0.2313440884056553,0.3455167571725004,0.3718467812003502,0.0085277712054278,0.380374552405778,0.4316590840619422,0.0928245182545484,0.0998643809523809,0.0998643809523809,0.2003149956562869,True
qwen3_30b_a3b_decode_compiled_bf16,qwen3_30b_a3b_decode_b16_kv512,0.222414959165659,0.3358572823129553,0.3625826005332171,0.0052855742134278,0.3678681747466449,0.3447109072028983,0.0928085370260858,0.0928085370260858,0.0218453333333333,0.1222959480372392,False
qwen3_30b_a3b_decode_compiled_bf16,qwen3_30b_a3b_decode_b1_kv1024,0.049789907961467,0.0347146883549124,0.0378841036325717,0.001021978624,0.0389060822565717,0.1253937174852765,0.0144687203712833,0.0156038095238095,0.0156038095238095,0.0756038095238095,True
qwen3_30b_a3b_decode_compiled_bf16,qwen3_30b_a3b_decode_b1_kv2048,0.0518044591430284,0.0353621140842341,0.0385290403900736,0.001052911616,0.0395819520060736,0.1274082686668379,0.0146864692377973,0.0156038095238095,0.0156038095238095,0.0756038095238095,True
qwen3_30b_a3b_decode_compiled_bf16,qwen3_30b_a3b_decode_b1_kv4096,0.0536205426583576,0.0360207041110203,0.0391797519142517,0.0011661578239999,0.0403459097382517,0.13133297509079,0.014868599595825,0.0177124324324324,0.0177124324324324,0.0777124324324324,True
qwen3_30b_a3b_decode_compiled_bf16,qwen3_30b_a3b_decode_b1_kv512,0.0485317592944083,0.0344630024009809,0.0376866917080221,0.000792078336,0.0384787700440221,0.1185317592944083,0.0144178430445485,0.0144178430445485,0.01,0.07,False
qwen3_30b_a3b_decode_compiled_bf16,qwen3_30b_a3b_decode_b4_kv1024,0.090012256506853,0.0955100559036175,0.1003442234780322,0.002423824384,0.1027680478620323,0.1750313556059521,0.0231963818446755,0.0231963818446755,0.0177124324324324,0.0850190990990991,False
qwen3_30b_a3b_decode_compiled_bf16,qwen3_30b_a3b_decode_b4_kv2048,0.0901309327363873,0.0935228921490644,0.0983495282312035,0.002637733888,0.1009872621192035,0.1792829327363874,0.0231901293051593,0.0231901293051593,0.0218453333333333,0.089152,False
qwen3_30b_a3b_decode_compiled_bf16,qwen3_30b_a3b_decode_b4_kv4096,0.0932378227412243,0.0944240403883679,0.0991115992659695,0.003212353536,0.1023239528019695,0.1979936322650339,0.0231925204816058,0.0374491428571428,0.0374491428571428,0.1047558095238095,True
qwen3_30b_a3b_decode_compiled_bf16,qwen3_30b_a3b_decode_b4_kv512,0.0884377654473364,0.092354458759896,0.0972633899428893,0.002310578176,0.0995739681188893,0.1713482416378126,0.0232086620722088,0.0232086620722088,0.0156038095238095,0.0829104761904761,False
qwen3_30b_a3b_decode_compiled_bf16,qwen3_30b_a3b_decode_b8_kv1024,0.1349470458305771,0.1739709086069937,0.1862238593049919,0.0038919375451888,0.1901157968501807,0.2404797921904116,0.0463917860813012,0.0463917860813012,0.0218453333333333,0.1055327463598344,False
qwen3_30b_a3b_decode_compiled_bf16,qwen3_30b_a3b_decode_b8_kv2048,0.1356366337059409,0.1753290922828294,0.1875482787121862,0.0044665571931888,0.192014835905375,0.2567731895895849,0.0463850296395662,0.0463850296395662,0.0374491428571428,0.1211365558836439,False
qwen3_30b_a3b_decode_compiled_bf16,qwen3_30b_a3b_decode_b8_kv4096,0.138150687986976,0.1777474028790685,0.1898618237606942,0.0052550863451888,0.195116910105883,0.2750653091353046,0.0464056946233252,0.0532272081218274,0.0532272081218274,0.1369146211483285,True
qwen3_30b_a3b_decode_compiled_bf16,qwen3_30b_a3b_decode_b8_kv512,0.1333136399070929,0.1727548865023819,0.1850874753328183,0.0036780280411888,0.1887655033740072,0.2347134853660265,0.0464071147921888,0.0464071147921888,0.0177124324324324,0.1013998454589335,False
qwen3_30b_a3b_prefill_compiled_bf16,qwen3_30b_a3b_prefill_b16_s1024,5.1700243179015,4.843929773753673,5.54238868631136,3.578483247499085,9.120871933810443,51.64397796382462,2.32240035856613,22.55760134453781,22.55760134453781,46.47395364592312,True
qwen3_30b_a3b_prefill_compiled_bf16,qwen3_30b_a3b_prefill_b16_s2048,15.890475938779538,12.781623184362363,15.690444177625476,10.766339536426257,26.45678371405173,154.0816009685092,8.991711263020832,90.23040537815126,90.23040537815126,138.19112502972968,True
qwen3_30b_a3b_prefill_compiled_bf16,qwen3_30b_a3b_prefill_b16_s4096,42.92183087284568,27.510591282880423,35.1671211552802,35.295364901972505,70.4624860572527,496.8154218022153,23.76111567905971,357.91394133333336,357.91394133333336,453.8935909293696,True
qwen3_30b_a3b_prefill_compiled_bf16,qwen3_30b_a3b_prefill_b16_s512,2.0423740515068936,2.573117150294894,2.717995235892581,1.298463726977232,4.016458962869813,19.677918085262167,0.5984148411849203,5.663195274261604,5.663195274261604,17.635544033755274,True
qwen3_30b_a3b_prefill_compiled_bf16,qwen3_30b_a3b_prefill_b1_s1024,0.4949553168697547,0.6879592205382722,0.7143510729471819,0.165791792522564,0.880142865469746,3.4417853867147565,0.1234812564750023,1.3981013333333334,1.3981013333333334,2.946830069845002,True
qwen3_30b_a3b_prefill_compiled_bf16,qwen3_30b_a3b_prefill_b1_s2048,1.2310450713131784,1.1064507579473628,1.2786778614608765,0.6010066704534359,1.8796845319143125,9.908598583410551,0.5670360266473694,5.663195274261604,5.663195274261604,8.677553512097372,True
qwen3_30b_a3b_prefill_compiled_bf16,qwen3_30b_a3b_prefill_b1_s4096,3.639448086508926,2.5734199217872256,3.3084896783657785,2.0559289693383627,5.364418647704142,32.17701935052012,2.2264228515625,22.55760134453781,22.55760134453781,28.53757126401119,True
qwen3_30b_a3b_prefill_compiled_bf16,qwen3_30b_a3b_prefill_b1_s512,0.3054990210249839,0.5035347361930524,0.5359651941837925,0.055276404421282,0.5912415986050745,1.4686300910311232,0.116229689919667,0.3569620425531914,0.3569620425531914,1.1631310700061392,True
qwen3_30b_a3b_prefill_compiled_bf16,qwen3_30b_a3b_prefill_b4_s1024,1.4542017300276937,1.4355863565372435,1.602518904478792,0.795356067962363,2.397874972441155,13.09736692376267,0.5808093538484145,5.663195274261604,5.663195274261604,11.643165193734978,True
qwen3_30b_a3b_prefill_compiled_bf16,qwen3_30b_a3b_prefill_b4_s2048,4.250308871432178,3.749936720147649,4.4723324850070485,2.559036628353231,7.031369113360279,38.78025897546367,2.2696157647091804,22.55760134453781,22.55760134453781,34.529950104031485,True
qwen3_30b_a3b_prefill_compiled_bf16,qwen3_30b_a3b_prefill_b4_s4096,13.864957084403432,9.412883649212183,12.375465690201016,8.698084264331085,21.0735499545321,128.01171476394,8.878852132161459,90.23040537815126,90.23040537815126,114.14675767953656,True
qwen3_30b_a3b_prefill_compiled_bf16,qwen3_30b_a3b_prefill_b4_s512,0.6270100883590312,0.7973037565891214,0.8205105213697206,0.2659992213654359,1.0865097427351564,5.039469659528134,0.131969531121173,1.3981013333333334,1.3981013333333334,4.412459571169102,True
qwen3_30b_a3b_prefill_compiled_bf16,qwen3_30b_a3b_prefill_b8_s1024,2.7849842105199176,2.980809790018505,3.320040752938344,1.719370521985231,5.039411274923576,26.05987848580306,1.1607589237273686,11.302545515789474,11.302545515789474,23.274894275283145,True
qwen3_30b_a3b_prefill_compiled_bf16,qwen3_30b_a3b_prefill_b8_s2048,8.072671579102755,6.369178234105446,7.821215095270848,5.279290296715086,13.100505391985934,77.10422656956369,4.505623494466146,45.11520268907563,45.11520268907563,69.03155499046093,True
qwen3_30b_a3b_prefill_compiled_bf16,qwen3_30b_a3b_prefill_b8_s4096,21.64909698346861,14.67027317287236,18.49161588833713,17.535207994922256,36.02682388325938,249.3155612375575,11.884766207858249,179.70574460251046,179.70574460251046,227.66646425408888,True
qwen3_30b_a3b_prefill_compiled_bf16,qwen3_30b_a3b_prefill_b8_s512,1.0820918566117077,1.2554165235801198,1.3252024409209695,0.5548378993863629,1.880040340307332,9.85826444275175,0.2996003289714763,2.796202666666667,2.796202666666667,8.776172586140042,True
replknet_31b_compiled_bf16,replknet31b_b1,0.7707562648906443,0.1597841988044562,0.2603414397680059,0.0026204260993439,0.2629618658673499,0.840345612320897,0.7513404049090485,0.7513404049090485,0.0303420716448442,0.0695893474302527,False
replknet_31b_compiled_bf16,replknet31b_b16,6.422333303820598,1.9266955064996,2.782150371108923,0.0239516437522296,2.8061020148611524,6.990601756601852,6.3581103515625,6.3581103515625,0.2769313678256661,0.5682684527812543,False
replknet_31b_compiled_bf16,replknet31b_b4,1.901569432992144,0.5140349993740507,0.7653520702019043,0.0068936347385729,0.7722457049404773,2.071626536552945,1.8715983072916669,1.8715983072916669,0.0783268638308554,0.1700571035608012,False
replknet_31b_compiled_bf16,replknet31b_b8,3.4087650011587662,0.990601113208462,1.4431631969453802,0.0124858451406866,1.4556490420860668,3.711087271298271,3.366425048828125,3.366425048828125,0.145668542477794,0.3023222701395049,False
vit_compiled_bf16,vit_b16_s197_b1,0.0395746581197084,0.0165668594237457,0.0181453660492693,0.008013600948113,0.0261589669973823,0.1859968514896666,0.0106256926306176,0.0398672419341301,0.0398672419341301,0.1464221933699582,True
vit_compiled_bf16,vit_b16_s197_b16,0.1810698087923845,0.12303936064797,0.1338024803481484,0.0683602059619634,0.2021626863101118,1.3648117857694348,0.0564765661575374,0.4113155046844193,0.4113155046844193,1.1837419769770503,True
vit_compiled_bf16,vit_b16_s197_b4,0.0775358172339953,0.0485218069768659,0.0542222601619567,0.0205884194602351,0.0748106796221918,0.4400329661264097,0.0276659795894833,0.1133732005118322,0.1133732005118322,0.3624971488924143,True
vit_compiled_bf16,vit_b16_s197_b8,0.1016134757058125,0.067788730387512,0.0727932058889534,0.0358661665880886,0.1086593724770421,0.7220518096205276,0.0293252216413909,0.2117359515745428,0.2117359515745428,0.6204383339147151,True
vit_compiled_bf16,vit_h14_s257_b1,0.0764527213377945,0.0431153904509679,0.0468905183787013,0.0126821483012111,0.0595726666799124,0.2994144919346128,0.0221387096843888,0.0653806951552804,0.0653806951552804,0.2229617705968182,True
vit_compiled_bf16,vit_h14_s257_b16,0.5090237671330908,0.3443930792804388,0.3767335278568839,0.1533470994460267,0.5300806273029106,3.023905771341045,0.1643319569463315,0.8846627810163439,0.8846627810163439,2.514882004207954,True
vit_compiled_bf16,vit_h14_s257_b4,0.1682697205881234,0.1115003325662274,0.1226164622970439,0.0390518851433667,0.1616683474404107,0.8451561813721147,0.0559150054818192,0.2292200307611559,0.2292200307611559,0.6768864607839912,True
vit_compiled_bf16,vit_h14_s257_b8,0.2804070930537677,0.1953578877676689,0.2117725684191388,0.0747491233929285,0.2865216918120673,1.5751530863199812,0.0872079893600109,0.4467002735683478,0.4467002735683478,1.2947459932662135,True
vit_compiled_bf16,vit_l16_s197_b1,0.0488955575770472,0.0239529645237389,0.0263862202208977,0.0093586847984457,0.0357449050193434,0.2138636919168906,0.014448292707456,0.0459891718705103,0.0459891718705103,0.1649681343398433,True
vit_compiled_bf16,vit_l16_s197_b16,0.2957829613758057,0.1995113546742938,0.2209833297339352,0.0906014553378495,0.3115847850717848,1.849486198805622,0.1033970412162885,0.5464937241241454,0.5464937241241454,1.5537032374298163,True
vit_compiled_bf16,vit_l16_s197_b4,0.1002741511239827,0.0619427191011925,0.0662860491982946,0.0257223385172368,0.0920083877155315,0.546542871535801,0.0276334740133846,0.1463289013862464,0.1463289013862464,0.4462687204118182,True
vit_compiled_bf16,vit_l16_s197_b8,0.1953308222231117,0.1224552139905093,0.1355742806809089,0.0467465304998207,0.1823208111807297,1.0053323978855202,0.0654277237601902,0.2782738069456357,0.2782738069456357,0.8100015756624085,True
